client_id,date_of_birth,age,product_type,premium_amount,crediting_rate_pct,term_years,monthly_payment,surrender_charge_pct,rider,risk_profile,state,payment_frequency,contract_start_date,current_account_value
CLIENT_0001,1969-05-05,57,Fixed,77882.26,5.47,7,1118.06,2.23,None,Conservative,CO,Quarterly,2010-09-18,83588.87
CLIENT_0002,1959-11-27,66,Deferred Income,135513.92,4.91,20,887.61,1.99,LTC,Conservative,AZ,Annual,2016-03-28,217845.62
CLIENT_0003,1955-02-23,71,Variable,385433.5,3.14,15,2687.76,3.4,GLWB,Moderate,TX,Monthly,2018-07-10,410829.33
CLIENT_0004,1974-01-03,52,Deferred Income,188378.97,3.56,5,3432.01,7.3,Death Benefit,Moderate,TX,Annual,2016-07-29,268428.31
CLIENT_0005,1968-11-14,57,Fixed,445589.58,3.95,7,6080.43,7.05,GLWB,Moderate,TX,Monthly,2012-04-07,544639.66
CLIENT_0006,1965-03-03,61,Indexed,326950.11,3.96,10,3304.0,3.55,Death Benefit,Aggressive,FL,Annual,2015-06-29,364471.57
CLIENT_0007,1963-07-06,62,Indexed,153225.22,6.2,20,1115.51,2.2,Death Benefit,Conservative,CA,Quarterly,2018-12-31,194265.37
CLIENT_0008,1959-09-25,66,Immediate,458739.66,4.77,10,4814.24,2.13,LTC,Aggressive,AZ,Monthly,2015-12-10,516280.63
CLIENT_0009,1971-09-16,54,Deferred Income,291649.86,3.55,20,1698.95,4.28,LTC,Moderate,NY,Monthly,2021-06-06,364969.73
CLIENT_0010,1971-12-14,54,Immediate,47380.28,2.94,7,624.77,7.92,None,Conservative,PA,Quarterly,2023-05-14,66999.37
CLIENT_0011,1966-11-13,59,Fixed,144421.71,4.71,5,2706.27,6.8,None,Moderate,OH,Monthly,2016-08-01,188457.04
CLIENT_0012,1965-03-05,61,Variable,26541.53,5.39,10,286.6,9.72,None,Conservative,IL,Annual,2021-05-21,39760.43
CLIENT_0013,1958-06-06,68,Deferred Income,202609.08,3.15,20,1138.94,9.18,GMIB,Moderate,CA,Monthly,2018-02-21,282046.64
CLIENT_0014,1973-08-27,52,Fixed,408218.03,3.46,7,5478.95,8.78,Death Benefit,Aggressive,AZ,Monthly,2021-12-12,562484.58
CLIENT_0015,1957-11-17,68,Deferred Income,338381.64,6.29,7,4990.44,2.65,LTC,Conservative,WA,Annual,2014-07-06,580315.64
CLIENT_0016,1963-12-13,62,Immediate,497695.94,5.1,15,3961.72,9.0,Death Benefit,Conservative,NY,Monthly,2017-08-01,529133.41
CLIENT_0017,1967-06-04,59,Fixed,134304.5,3.38,5,2436.02,7.08,GLWB,Conservative,CA,Quarterly,2011-08-04,167562.18
CLIENT_0018,1961-03-31,65,Deferred Income,342764.44,3.36,7,4584.88,7.23,None,Moderate,NY,Quarterly,2019-02-17,379672.99
CLIENT_0019,1957-03-05,69,Fixed,338016.81,3.92,15,2486.74,4.67,Death Benefit,Conservative,PA,Annual,2017-08-11,492831.76
CLIENT_0020,1957-06-14,69,Variable,143111.76,3.26,15,1006.3,1.4,GMIB,Moderate,NY,Monthly,2019-12-10,196534.84
CLIENT_0021,1974-03-14,52,Fixed,286404.52,2.7,20,1545.73,8.36,GLWB,Conservative,PA,Quarterly,2020-10-18,313151.84
CLIENT_0022,1963-12-30,62,Indexed,453660.36,3.16,5,8183.98,9.85,LTC,Moderate,PA,Annual,2022-06-19,586965.49
CLIENT_0023,1965-11-30,60,Deferred Income,98528.49,3.69,5,1800.8,5.79,Death Benefit,Aggressive,OH,Monthly,2011-02-15,128950.53
CLIENT_0024,1966-04-12,60,Fixed,461708.89,4.62,5,8632.86,9.61,GLWB,Conservative,CO,Monthly,2015-04-11,590340.15
CLIENT_0025,1974-12-20,51,Immediate,295595.82,4.82,5,5553.91,6.19,None,Aggressive,WA,Quarterly,2015-11-07,344411.32
CLIENT_0026,1971-01-24,55,Indexed,174237.33,3.56,7,2346.49,6.72,LTC,Moderate,TX,Monthly,2020-04-12,229158.88
CLIENT_0027,1967-08-18,58,Variable,498145.81,2.79,7,6535.11,5.06,GMIB,Conservative,NY,Quarterly,2016-05-23,537087.04
CLIENT_0028,1973-09-13,52,Deferred Income,283028.53,3.71,20,1672.16,0.08,GMIB,Aggressive,TX,Monthly,2015-12-07,307424.55
CLIENT_0029,1957-05-26,69,Indexed,377647.92,3.12,10,3667.55,6.05,GLWB,Aggressive,IL,Annual,2020-12-16,423923.56
CLIENT_0030,1975-05-15,51,Fixed,426899.26,2.87,15,2921.47,8.29,Death Benefit,Moderate,FL,Annual,2015-11-16,461802.38
CLIENT_0031,1964-11-28,61,Variable,287048.2,4.21,5,5313.68,1.12,None,Conservative,OH,Annual,2022-05-24,319918.38
CLIENT_0032,1957-11-10,68,Variable,44868.71,3.96,5,825.52,8.99,GLWB,Aggressive,TX,Quarterly,2022-07-23,68052.25
CLIENT_0033,1964-02-12,62,Variable,487572.59,5.5,7,7006.44,8.65,LTC,Conservative,FL,Annual,2017-06-14,815470.5
CLIENT_0034,1964-03-26,62,Fixed,406061.69,5.96,7,5924.19,2.67,LTC,Conservative,AZ,Monthly,2014-06-23,723719.61
CLIENT_0035,1965-04-28,61,Variable,191087.75,5.78,7,2771.41,2.23,LTC,Moderate,IL,Monthly,2016-04-05,251129.53
CLIENT_0036,1966-06-05,60,Fixed,214847.23,6.42,20,1591.74,3.31,Death Benefit,Moderate,FL,Annual,2015-12-15,234706.54
CLIENT_0037,1968-05-19,58,Deferred Income,231417.79,5.41,10,2501.18,4.36,Death Benefit,Moderate,CO,Monthly,2015-09-18,250294.12
CLIENT_0038,1964-10-12,61,Variable,25803.36,6.2,20,187.85,6.87,GMIB,Moderate,TX,Annual,2017-05-28,41388.22
CLIENT_0039,1969-11-17,56,Immediate,427807.26,5.38,10,4617.44,5.07,GMIB,Moderate,IL,Annual,2012-11-08,503537.27
CLIENT_0040,1969-11-30,56,Indexed,471672.74,5.21,7,6713.22,6.16,LTC,Aggressive,CA,Quarterly,2016-06-08,558076.63
CLIENT_0041,1972-08-15,53,Variable,300492.77,5.12,15,2395.1,4.42,None,Moderate,FL,Annual,2011-11-26,369159.01
CLIENT_0042,1969-11-21,56,Variable,325646.91,3.84,7,4427.26,6.73,GLWB,Conservative,CA,Monthly,2015-06-29,508430.29
CLIENT_0043,1968-09-16,57,Deferred Income,428625.4,2.79,15,2916.91,8.86,GLWB,Aggressive,PA,Quarterly,2018-12-18,474354.31
CLIENT_0044,1969-09-18,56,Variable,351620.65,6.07,5,6809.26,7.78,GLWB,Aggressive,WA,Quarterly,2011-02-16,535287.19
CLIENT_0045,1975-07-30,50,Deferred Income,427959.76,4.33,15,3236.8,6.68,None,Moderate,AZ,Annual,2021-04-28,544788.2
CLIENT_0046,1975-05-04,51,Variable,285239.18,6.09,15,2420.9,4.5,GMIB,Aggressive,AZ,Annual,2015-05-14,361772.17
CLIENT_0047,1956-09-26,69,Deferred Income,363933.81,3.44,10,3588.57,3.2,Death Benefit,Conservative,FL,Monthly,2018-08-04,487343.2
CLIENT_0048,1970-11-04,55,Immediate,126627.62,4.16,10,1291.69,5.43,Death Benefit,Conservative,PA,Quarterly,2023-02-06,201575.53
CLIENT_0049,1955-06-10,71,Indexed,431947.72,5.56,15,3543.14,4.77,GMIB,Moderate,PA,Annual,2022-04-01,733991.53
CLIENT_0050,1975-02-19,51,Immediate,129755.88,3.38,15,919.97,4.86,GMIB,Aggressive,PA,Annual,2013-09-14,182405.27
CLIENT_0051,1975-08-16,50,Deferred Income,85623.2,4.99,5,1615.42,9.07,None,Aggressive,CA,Monthly,2019-08-13,96673.36
CLIENT_0052,1965-05-10,61,Indexed,111321.29,3.54,10,1102.9,2.12,GMIB,Moderate,IL,Quarterly,2015-08-29,158649.99
CLIENT_0053,1965-07-19,60,Fixed,34207.06,4.66,10,357.16,2.24,Death Benefit,Conservative,NY,Monthly,2010-06-16,48875.55
CLIENT_0054,1960-05-08,66,Immediate,84954.96,5.18,20,569.15,9.48,GMIB,Moderate,FL,Annual,2023-08-15,152629.05
CLIENT_0055,1971-02-10,55,Fixed,79403.11,5.78,10,872.79,1.08,GMIB,Aggressive,PA,Quarterly,2014-06-13,88032.19
CLIENT_0056,1970-06-28,55,Deferred Income,419521.53,3.47,10,4142.58,8.5,Death Benefit,Aggressive,CA,Quarterly,2021-12-13,509772.88
CLIENT_0057,1963-04-24,63,Immediate,57754.45,5.09,5,1092.28,8.5,Death Benefit,Moderate,OH,Annual,2020-04-24,89310.6
CLIENT_0058,1964-10-07,61,Deferred Income,108665.06,4.59,10,1130.91,6.16,LTC,Moderate,PA,Annual,2023-04-16,129754.34
CLIENT_0059,1974-02-07,52,Variable,141610.21,6.24,10,1589.29,8.82,LTC,Aggressive,CO,Annual,2018-07-02,188216.63
CLIENT_0060,1966-02-01,60,Indexed,429202.6,3.23,7,5715.78,3.55,GMIB,Moderate,CO,Annual,2016-03-13,538113.13
CLIENT_0061,1966-08-03,59,Variable,475329.72,2.84,15,3246.09,4.89,LTC,Aggressive,AZ,Quarterly,2010-05-22,503044.0
CLIENT_0062,1959-12-21,66,Deferred Income,217090.54,3.47,20,1255.69,3.69,None,Moderate,PA,Annual,2022-05-06,254308.42
CLIENT_0063,1970-10-06,55,Variable,240529.0,3.73,7,3257.93,1.21,GMIB,Conservative,WA,Annual,2014-02-25,269514.15
CLIENT_0064,1971-07-26,54,Fixed,254994.33,5.4,20,1739.7,5.97,GLWB,Moderate,NY,Quarterly,2014-01-09,320121.52
CLIENT_0065,1970-11-18,55,Variable,278714.17,3.6,5,5082.79,5.53,LTC,Conservative,CA,Annual,2016-05-18,346598.64
CLIENT_0066,1964-11-17,61,Immediate,186835.32,6.36,10,2108.19,9.41,Death Benefit,Conservative,PA,Quarterly,2011-08-30,293904.06
CLIENT_0067,1970-05-25,56,Fixed,50464.31,3.1,20,282.41,9.49,GLWB,Conservative,WA,Quarterly,2023-08-07,63560.21
CLIENT_0068,1968-11-14,57,Indexed,132201.39,4.59,15,1017.42,9.09,None,Moderate,IL,Annual,2023-12-06,142442.33
CLIENT_0069,1971-08-07,54,Fixed,72135.95,5.55,7,1038.31,2.65,GLWB,Conservative,FL,Annual,2011-09-07,83560.64
CLIENT_0070,1964-02-29,62,Indexed,238989.26,4.88,10,2520.86,0.33,GMIB,Aggressive,AZ,Monthly,2015-03-28,406790.87
CLIENT_0071,1972-09-01,53,Deferred Income,400842.68,4.86,7,5639.14,4.25,GLWB,Aggressive,FL,Quarterly,2013-03-11,436287.75
CLIENT_0072,1958-09-21,67,Immediate,401498.57,4.88,20,2623.17,9.21,Death Benefit,Moderate,IL,Annual,2019-01-11,690157.39
CLIENT_0073,1966-03-23,60,Immediate,281491.24,4.25,20,1743.09,0.4,GMIB,Aggressive,IL,Monthly,2012-01-19,325881.36
CLIENT_0074,1970-02-14,56,Indexed,422080.34,4.8,5,7926.56,10.0,None,Conservative,FL,Quarterly,2021-08-22,618981.49
CLIENT_0075,1975-07-19,50,Immediate,157124.37,6.49,15,1367.86,6.35,Death Benefit,Moderate,OH,Quarterly,2017-06-23,208928.34
CLIENT_0076,1957-05-06,69,Immediate,432423.22,3.82,15,3159.72,2.88,None,Conservative,AZ,Monthly,2017-01-20,498187.08
CLIENT_0077,1957-08-07,68,Fixed,485837.75,4.12,20,2974.89,8.25,None,Moderate,PA,Monthly,2014-03-17,636824.56
CLIENT_0078,1968-12-18,57,Deferred Income,384310.5,5.0,5,7252.41,2.04,GLWB,Moderate,AZ,Annual,2020-11-14,430698.96
CLIENT_0079,1969-02-17,57,Fixed,314214.04,3.46,7,4217.27,3.11,None,Moderate,TX,Monthly,2012-07-18,386351.02
CLIENT_0080,1957-08-20,68,Indexed,332662.1,3.12,10,3230.67,5.09,LTC,Moderate,AZ,Monthly,2020-03-30,413291.5
CLIENT_0081,1963-08-09,62,Indexed,115539.93,4.9,7,1627.61,8.64,LTC,Moderate,WA,Quarterly,2010-01-22,140651.67
CLIENT_0082,1961-09-11,64,Immediate,422801.06,4.82,15,3303.97,8.65,None,Moderate,OH,Quarterly,2022-05-19,657868.95
CLIENT_0083,1963-06-18,63,Variable,241288.69,3.79,7,3274.86,9.81,None,Moderate,NY,Quarterly,2010-12-24,285256.66
CLIENT_0084,1965-08-10,60,Variable,359983.24,5.75,15,2989.34,9.88,LTC,Conservative,FL,Annual,2023-03-28,466910.0
CLIENT_0085,1957-04-02,69,Fixed,440240.43,4.26,20,2728.47,9.1,GLWB,Moderate,FL,Monthly,2020-07-13,656994.4
CLIENT_0086,1960-12-11,65,Deferred Income,185816.59,5.27,5,3529.62,8.52,LTC,Moderate,AZ,Annual,2010-10-22,277257.51
CLIENT_0087,1960-04-07,66,Immediate,324801.48,6.18,7,4772.96,7.47,Death Benefit,Aggressive,TX,Quarterly,2013-09-24,545093.73
CLIENT_0088,1975-04-06,51,Indexed,38749.94,3.8,5,710.15,2.93,LTC,Conservative,NY,Annual,2019-03-30,50734.14
CLIENT_0089,1972-10-10,53,Deferred Income,110527.02,3.2,20,624.1,8.71,GLWB,Moderate,CO,Monthly,2015-03-18,133825.99
CLIENT_0090,1960-09-11,65,Deferred Income,243295.99,5.17,15,1945.58,9.01,GLWB,Conservative,AZ,Quarterly,2023-03-07,302041.31
CLIENT_0091,1964-07-07,61,Immediate,352898.92,4.33,10,3628.54,1.99,LTC,Conservative,NY,Quarterly,2022-10-30,435260.47
CLIENT_0092,1961-08-20,64,Deferred Income,496528.72,3.68,15,3593.65,2.74,Death Benefit,Aggressive,AZ,Quarterly,2015-03-01,655308.83
CLIENT_0093,1962-11-26,63,Variable,129027.16,3.26,10,1261.44,6.78,Death Benefit,Aggressive,CA,Quarterly,2019-11-21,134811.36
CLIENT_0094,1963-03-08,63,Immediate,372870.89,2.86,10,3576.42,3.27,GLWB,Conservative,FL,Annual,2018-03-17,452185.92
CLIENT_0095,1975-06-28,50,Indexed,154450.49,3.16,15,1078.53,9.67,GMIB,Conservative,AZ,Monthly,2013-02-27,206246.29
CLIENT_0096,1960-01-23,66,Deferred Income,433566.78,5.4,15,3519.64,9.67,GMIB,Conservative,PA,Monthly,2015-12-07,623316.53
CLIENT_0097,1965-03-14,61,Indexed,200078.19,5.5,10,2171.37,5.85,Death Benefit,Aggressive,NY,Quarterly,2010-07-25,304031.15
CLIENT_0098,1967-08-05,58,Immediate,180802.98,4.94,5,3407.01,6.35,GMIB,Aggressive,PA,Monthly,2013-02-19,194353.5
CLIENT_0099,1955-11-01,70,Deferred Income,169573.18,4.47,5,3159.04,2.35,GLWB,Moderate,AZ,Quarterly,2022-02-12,216724.25
CLIENT_0100,1971-08-25,54,Deferred Income,370134.6,6.04,5,7162.63,8.34,LTC,Moderate,CA,Annual,2018-04-24,451545.15
CLIENT_0101,1964-12-21,61,Indexed,476513.71,5.92,5,9194.63,9.81,None,Aggressive,OH,Monthly,2018-12-06,600971.56
CLIENT_0102,1957-09-27,68,Deferred Income,475780.12,5.8,5,9153.98,6.63,Death Benefit,Conservative,OH,Monthly,2012-10-28,820084.28
CLIENT_0103,1959-08-09,66,Variable,57589.82,5.56,7,829.21,5.86,GMIB,Conservative,CO,Monthly,2016-03-21,101329.81
CLIENT_0104,1958-03-31,68,Fixed,494075.47,4.66,7,6904.56,1.1,GLWB,Conservative,OH,Monthly,2023-03-17,608166.95
CLIENT_0105,1958-11-28,67,Fixed,151049.57,3.01,15,1043.85,5.26,LTC,Moderate,OH,Annual,2023-04-26,161231.14
CLIENT_0106,1966-04-20,60,Fixed,130236.13,4.96,20,856.63,3.02,Death Benefit,Moderate,PA,Quarterly,2012-06-03,177474.47
CLIENT_0107,1975-05-28,51,Fixed,235692.11,6.1,10,2628.52,6.08,GLWB,Moderate,CO,Annual,2023-02-17,357415.67
CLIENT_0108,1962-04-17,64,Deferred Income,205929.59,4.89,10,2173.15,4.54,LTC,Conservative,TX,Annual,2022-05-14,315397.58
CLIENT_0109,1959-10-28,66,Immediate,229283.22,6.05,15,1941.02,3.39,LTC,Moderate,TX,Quarterly,2019-07-29,297565.45
CLIENT_0110,1960-09-19,65,Fixed,202792.99,3.11,15,1411.2,0.67,Death Benefit,Moderate,TX,Annual,2018-05-11,274867.0
CLIENT_0111,1967-06-24,59,Fixed,53490.96,6.33,20,393.48,3.3,LTC,Moderate,PA,Annual,2011-02-26,109366.47
CLIENT_0112,1968-06-19,58,Immediate,173413.23,2.91,20,953.95,2.13,GLWB,Conservative,OH,Annual,2018-03-31,185047.37
CLIENT_0113,1961-04-01,65,Deferred Income,297697.5,5.73,20,2086.69,9.75,None,Aggressive,WA,Monthly,2023-08-29,556259.69
CLIENT_0114,1973-08-08,52,Indexed,354398.81,2.62,10,3360.29,7.03,GMIB,Moderate,CA,Monthly,2013-03-19,427262.16
CLIENT_0115,1963-12-28,62,Deferred Income,58053.08,5.46,5,1107.81,0.92,GLWB,Moderate,PA,Quarterly,2017-08-24,67125.81
CLIENT_0116,1961-12-27,64,Fixed,367758.08,5.61,20,2552.66,5.96,GLWB,Conservative,CO,Monthly,2011-10-31,457319.34
CLIENT_0117,1969-11-05,56,Deferred Income,226407.02,4.93,15,1782.17,2.73,Death Benefit,Moderate,PA,Monthly,2016-05-09,340180.5
CLIENT_0118,1968-04-20,58,Deferred Income,256150.56,5.17,5,4853.85,2.21,Death Benefit,Conservative,NY,Quarterly,2014-09-27,412261.8
CLIENT_0119,1972-02-21,54,Immediate,146371.76,3.81,5,2683.13,4.97,GLWB,Conservative,PA,Annual,2015-03-01,186663.28
CLIENT_0120,1973-09-09,52,Fixed,342322.88,3.92,15,2518.42,8.62,LTC,Conservative,AZ,Monthly,2017-01-08,453833.51
CLIENT_0121,1967-11-11,58,Fixed,217100.87,5.06,10,2309.06,1.15,GMIB,Conservative,CO,Quarterly,2018-02-12,239266.0
CLIENT_0122,1973-12-10,52,Immediate,75284.99,4.24,15,565.97,5.24,GMIB,Aggressive,OH,Monthly,2017-06-21,112021.91
CLIENT_0123,1956-09-17,69,Indexed,267479.56,2.96,20,1478.08,1.94,GMIB,Aggressive,FL,Monthly,2012-04-22,288646.77
CLIENT_0124,1959-06-05,67,Immediate,107412.04,3.11,5,1935.31,1.77,LTC,Aggressive,CO,Quarterly,2022-08-30,137540.0
CLIENT_0125,1969-01-03,57,Fixed,178523.91,6.38,10,2016.22,1.51,LTC,Moderate,IL,Quarterly,2023-04-07,197311.77
CLIENT_0126,1966-05-19,60,Indexed,60240.56,4.35,5,1118.96,0.57,Death Benefit,Aggressive,TX,Annual,2023-04-29,79712.73
CLIENT_0127,1965-05-18,61,Deferred Income,300656.47,6.32,5,5857.37,4.5,GLWB,Moderate,CO,Quarterly,2021-03-31,353876.98
CLIENT_0128,1956-05-21,70,Fixed,238998.48,5.74,10,2622.28,9.82,None,Aggressive,FL,Monthly,2015-07-23,390219.79
CLIENT_0129,1964-11-08,61,Indexed,273932.56,4.94,10,2897.45,3.73,LTC,Moderate,OH,Annual,2023-05-30,295561.05
CLIENT_0130,1969-02-24,57,Immediate,332470.04,2.76,5,5938.66,5.58,GMIB,Moderate,CO,Monthly,2017-06-23,350087.96
CLIENT_0131,1969-11-19,56,Fixed,92178.48,3.9,15,677.22,1.29,GMIB,Aggressive,PA,Annual,2017-05-14,134856.44
CLIENT_0132,1970-01-11,56,Immediate,358844.66,6.29,20,2631.27,0.93,None,Moderate,CA,Quarterly,2016-12-05,430457.7
CLIENT_0133,1959-10-21,66,Variable,187322.86,5.56,7,2697.18,2.27,GLWB,Conservative,IL,Monthly,2021-05-21,312864.32
CLIENT_0134,1973-09-24,52,Deferred Income,375855.9,4.61,10,3915.27,8.76,GLWB,Aggressive,PA,Monthly,2013-08-22,430062.58
CLIENT_0135,1970-07-16,55,Fixed,391271.46,5.74,7,5667.27,7.21,LTC,Moderate,NY,Quarterly,2023-09-11,492820.18
CLIENT_0136,1971-10-16,54,Immediate,397305.17,3.44,7,5328.87,3.09,GLWB,Moderate,CO,Quarterly,2020-05-10,547184.4
CLIENT_0137,1972-06-14,54,Deferred Income,206389.41,4.61,7,2879.42,8.17,GLWB,Moderate,CA,Annual,2020-10-11,333014.05
CLIENT_0138,1967-06-09,59,Indexed,468789.44,5.35,20,3185.16,8.51,Death Benefit,Conservative,IL,Quarterly,2021-07-07,537401.93
CLIENT_0139,1964-10-23,61,Fixed,68563.95,6.14,15,583.78,8.85,LTC,Conservative,PA,Annual,2018-05-22,84936.4
CLIENT_0140,1956-10-30,69,Indexed,203083.52,2.61,5,3614.06,8.39,GLWB,Conservative,CA,Quarterly,2020-08-06,253829.14
CLIENT_0141,1958-02-10,68,Fixed,385449.55,4.38,20,2413.65,0.05,Death Benefit,Moderate,NY,Monthly,2022-04-23,626807.11
CLIENT_0142,1968-08-27,57,Fixed,275691.47,2.94,10,2654.47,2.38,Death Benefit,Conservative,PA,Annual,2023-12-21,328309.77
CLIENT_0143,1957-06-27,69,Deferred Income,422426.67,4.5,20,2672.48,0.16,None,Conservative,FL,Quarterly,2019-08-18,441770.35
CLIENT_0144,1962-11-30,63,Indexed,139268.01,4.17,5,2575.53,5.23,Death Benefit,Aggressive,WA,Annual,2021-05-21,186100.48
CLIENT_0145,1963-10-04,62,Indexed,439832.43,2.67,15,2968.08,9.81,Death Benefit,Moderate,TX,Quarterly,2015-05-30,558460.97
CLIENT_0146,1969-02-02,57,Indexed,74240.34,4.83,10,781.28,1.33,None,Moderate,FL,Annual,2020-06-03,129462.73
CLIENT_0147,1965-09-25,60,Immediate,325074.53,5.75,5,6246.88,7.16,Death Benefit,Moderate,NY,Monthly,2014-06-23,592712.22
CLIENT_0148,1962-01-29,64,Fixed,468351.22,4.56,20,2978.21,4.73,GLWB,Moderate,OH,Monthly,2017-06-12,559935.74
CLIENT_0149,1972-12-05,53,Immediate,199809.11,6.06,15,1692.59,8.95,GMIB,Conservative,AZ,Annual,2021-02-27,268791.99
CLIENT_0150,1972-11-18,53,Deferred Income,271656.03,5.7,15,2248.59,0.79,GLWB,Aggressive,IL,Quarterly,2012-04-20,301507.82
CLIENT_0151,1969-10-28,56,Immediate,165428.98,4.28,15,1247.0,1.67,GMIB,Moderate,CA,Annual,2017-11-28,229040.77
CLIENT_0152,1964-10-03,61,Immediate,155413.8,6.42,5,3035.03,0.75,GMIB,Aggressive,FL,Monthly,2013-03-15,295654.65
CLIENT_0153,1970-03-17,56,Indexed,396123.19,2.64,5,7054.62,2.36,GMIB,Moderate,CO,Monthly,2023-07-28,424861.49
CLIENT_0154,1965-02-02,61,Deferred Income,475691.18,3.99,5,8758.43,5.74,GMIB,Moderate,OH,Annual,2016-04-02,550770.83
CLIENT_0155,1957-07-18,68,Deferred Income,37308.84,3.24,20,211.42,3.87,Death Benefit,Moderate,IL,Annual,2020-01-04,41528.36
CLIENT_0156,1968-09-21,57,Variable,160649.02,6.17,15,1370.45,2.0,Death Benefit,Moderate,FL,Annual,2019-12-26,328940.15
CLIENT_0157,1973-03-06,53,Fixed,348916.4,5.88,10,3852.69,6.68,None,Aggressive,IL,Quarterly,2013-07-14,577864.39
CLIENT_0158,1975-10-19,50,Fixed,357604.15,3.2,10,3486.16,5.09,GLWB,Conservative,NY,Quarterly,2010-08-04,418204.55
CLIENT_0159,1967-11-02,58,Fixed,200232.8,5.71,20,1401.23,1.3,Death Benefit,Moderate,PA,Annual,2020-09-26,291814.02
CLIENT_0160,1972-04-01,54,Fixed,219480.93,4.8,7,3081.54,9.72,LTC,Moderate,WA,Quarterly,2012-11-17,361741.57
CLIENT_0161,1972-07-01,53,Fixed,286869.14,4.85,7,4034.39,4.33,Death Benefit,Aggressive,FL,Quarterly,2013-09-10,327263.63
CLIENT_0162,1975-12-19,50,Fixed,361932.76,3.88,20,2170.42,8.95,GMIB,Conservative,WA,Quarterly,2012-10-22,488450.99
CLIENT_0163,1968-10-12,57,Deferred Income,278402.06,4.51,7,3871.13,5.92,GLWB,Conservative,CO,Annual,2023-07-29,342751.22
CLIENT_0164,1975-09-21,50,Deferred Income,292718.57,5.8,5,5631.89,0.81,GMIB,Aggressive,NY,Annual,2019-05-06,454379.49
CLIENT_0165,1955-09-06,70,Indexed,261568.08,5.01,10,2775.61,6.42,LTC,Conservative,PA,Quarterly,2020-03-04,285665.19
CLIENT_0166,1956-05-05,70,Deferred Income,100088.21,4.16,15,748.39,2.04,GLWB,Moderate,OH,Annual,2017-09-30,161435.73
CLIENT_0167,1957-12-07,68,Immediate,386315.87,4.56,5,7212.64,3.19,Death Benefit,Moderate,AZ,Monthly,2013-02-28,423575.73
CLIENT_0168,1961-07-05,64,Variable,474057.82,5.96,15,3990.13,2.48,GMIB,Aggressive,OH,Monthly,2013-07-29,689881.19
CLIENT_0169,1966-07-18,59,Immediate,246737.18,6.02,15,2084.78,0.23,None,Moderate,NY,Monthly,2023-01-31,328226.71
CLIENT_0170,1956-02-19,70,Fixed,158644.26,4.89,15,1245.48,2.86,Death Benefit,Moderate,FL,Quarterly,2018-03-16,248527.83
CLIENT_0171,1963-03-17,63,Deferred Income,46490.14,2.7,20,250.91,1.95,GMIB,Conservative,PA,Annual,2020-02-07,59733.88
CLIENT_0172,1961-04-10,65,Fixed,417022.88,4.99,20,2749.86,1.19,LTC,Moderate,OH,Annual,2018-03-15,656044.54
CLIENT_0173,1959-06-19,67,Variable,311169.9,4.11,5,5746.13,0.45,GMIB,Moderate,WA,Quarterly,2013-05-05,423784.24
CLIENT_0174,1966-07-25,59,Deferred Income,91395.97,6.23,10,1025.27,1.63,GMIB,Aggressive,OH,Annual,2021-06-07,138315.5
CLIENT_0175,1970-11-23,55,Fixed,292389.02,4.4,5,5437.73,3.68,LTC,Aggressive,IL,Annual,2010-08-07,404994.51
CLIENT_0176,1960-12-15,65,Fixed,484358.58,5.63,20,3367.5,5.78,None,Moderate,FL,Annual,2023-11-25,815901.59
CLIENT_0177,1963-07-12,62,Fixed,95193.46,5.22,5,1806.03,5.73,GLWB,Conservative,AZ,Quarterly,2019-05-24,109022.34
CLIENT_0178,1970-06-27,55,Fixed,121848.55,4.51,20,771.53,9.21,GLWB,Aggressive,NY,Annual,2017-04-16,206689.76
CLIENT_0179,1965-09-23,60,Deferred Income,274601.65,3.76,7,3723.22,4.6,GMIB,Aggressive,OH,Annual,2015-12-06,365012.44
CLIENT_0180,1959-04-25,67,Indexed,479735.26,3.62,10,4770.92,2.25,GMIB,Aggressive,NY,Annual,2020-12-19,562735.02
CLIENT_0181,1962-10-28,63,Deferred Income,291231.61,6.24,10,3268.48,2.88,None,Moderate,PA,Quarterly,2013-04-14,375419.12
CLIENT_0182,1961-06-14,65,Immediate,478774.02,2.82,15,3265.04,6.56,GLWB,Conservative,WA,Quarterly,2022-08-10,609111.83
CLIENT_0183,1958-01-29,68,Deferred Income,76882.63,5.46,7,1103.35,2.42,GLWB,Aggressive,NY,Monthly,2012-03-31,103247.67
CLIENT_0184,1971-02-02,55,Deferred Income,249391.86,5.22,7,3550.72,0.05,GLWB,Moderate,AZ,Quarterly,2014-06-22,400616.1
CLIENT_0185,1961-06-11,65,Variable,177554.66,5.08,5,3357.19,6.52,None,Aggressive,CA,Monthly,2019-05-17,301785.1
CLIENT_0186,1958-12-11,67,Variable,468613.24,2.65,15,3157.86,7.88,GMIB,Conservative,CA,Quarterly,2022-09-27,572124.22
CLIENT_0187,1975-10-28,50,Variable,491922.1,3.64,20,2888.47,5.24,None,Moderate,IL,Monthly,2012-07-11,580637.47
CLIENT_0188,1971-05-26,55,Indexed,242984.37,3.53,7,3269.0,0.14,GMIB,Aggressive,NY,Monthly,2023-09-14,348764.52
CLIENT_0189,1975-02-13,51,Fixed,217607.93,4.21,10,2224.96,0.87,GLWB,Conservative,AZ,Quarterly,2015-07-26,227472.9
CLIENT_0190,1963-08-09,62,Deferred Income,136872.6,5.52,10,1486.78,3.02,Death Benefit,Moderate,OH,Annual,2015-04-20,149829.57
CLIENT_0191,1957-08-26,68,Indexed,246062.62,3.14,20,1381.97,9.23,Death Benefit,Aggressive,IL,Quarterly,2023-10-15,273584.73
CLIENT_0192,1957-12-30,68,Deferred Income,252136.4,4.32,20,1570.75,3.74,LTC,Aggressive,NY,Monthly,2023-05-13,394833.75
CLIENT_0193,1956-11-01,69,Deferred Income,274615.66,4.61,10,2860.66,0.78,Death Benefit,Conservative,WA,Annual,2014-07-15,381596.31
CLIENT_0194,1958-05-12,68,Variable,103155.15,5.92,15,866.03,1.16,None,Moderate,TX,Annual,2019-12-29,182248.2
CLIENT_0195,1965-03-03,61,Immediate,87673.56,4.16,20,538.71,0.58,GMIB,Aggressive,CA,Quarterly,2015-09-16,131686.66
CLIENT_0196,1971-09-23,54,Fixed,128503.12,2.79,15,874.5,3.45,None,Conservative,TX,Quarterly,2010-09-17,144080.55
CLIENT_0197,1959-01-14,67,Immediate,390261.73,5.56,15,3201.2,3.74,LTC,Moderate,PA,Monthly,2022-02-04,445894.7
CLIENT_0198,1974-04-18,52,Variable,190190.7,3.21,20,1074.9,3.93,GLWB,Conservative,CA,Quarterly,2020-05-20,248066.9
CLIENT_0199,1967-03-19,59,Indexed,226460.81,4.02,7,3097.53,2.48,GLWB,Moderate,NY,Annual,2012-07-13,238877.89
CLIENT_0200,1969-10-22,56,Fixed,224139.28,5.56,5,4287.53,2.41,Death Benefit,Aggressive,CA,Quarterly,2023-05-30,352964.39
CLIENT_0201,1974-07-25,51,Deferred Income,48121.25,5.46,15,392.17,4.39,GLWB,Conservative,FL,Annual,2016-06-27,58196.06
CLIENT_0202,1975-07-22,50,Indexed,372470.8,3.78,20,2214.16,7.73,GLWB,Moderate,FL,Annual,2021-09-10,423044.25
CLIENT_0203,1961-09-27,64,Variable,155698.11,4.73,20,1004.46,8.8,LTC,Aggressive,AZ,Monthly,2017-09-22,263172.14
CLIENT_0204,1970-01-21,56,Indexed,206048.45,4.6,15,1586.81,4.08,LTC,Conservative,WA,Quarterly,2015-05-29,328080.7
CLIENT_0205,1961-09-29,64,Deferred Income,432332.09,3.08,15,3002.27,9.15,LTC,Moderate,WA,Annual,2013-01-03,507318.84
CLIENT_0206,1960-09-19,65,Fixed,121584.95,5.09,15,967.2,8.47,None,Aggressive,NY,Monthly,2016-01-09,156998.73
CLIENT_0207,1968-07-26,57,Deferred Income,311387.97,5.99,7,4547.44,8.05,None,Conservative,AZ,Monthly,2017-06-20,400706.94
CLIENT_0208,1975-05-22,51,Immediate,32283.51,6.25,5,627.89,7.47,GLWB,Aggressive,CO,Annual,2014-08-03,44687.04
CLIENT_0209,1960-05-14,66,Indexed,287237.66,5.6,15,2362.24,4.66,GMIB,Moderate,OH,Annual,2021-02-25,401058.39
CLIENT_0210,1973-01-02,53,Indexed,491126.27,4.38,10,5061.59,9.14,GMIB,Moderate,CA,Annual,2014-12-18,727129.38
CLIENT_0211,1955-05-13,71,Indexed,148867.7,6.24,20,1087.25,7.2,GLWB,Conservative,OH,Monthly,2018-07-09,231128.67
CLIENT_0212,1960-07-06,65,Immediate,262168.2,5.12,10,2796.1,2.57,LTC,Moderate,FL,Annual,2017-11-25,302441.8
CLIENT_0213,1971-02-26,55,Fixed,284609.51,3.24,20,1612.85,9.9,None,Conservative,TX,Annual,2011-02-02,384173.65
CLIENT_0214,1964-04-01,62,Fixed,90308.48,5.02,5,1705.06,7.07,GLWB,Aggressive,AZ,Quarterly,2011-05-11,132302.83
CLIENT_0215,1969-12-15,56,Deferred Income,468604.27,6.15,15,3992.42,0.16,None,Moderate,CA,Monthly,2021-11-15,799167.51
CLIENT_0216,1967-01-06,59,Variable,489302.69,2.57,15,3278.77,8.06,Death Benefit,Conservative,WA,Monthly,2015-05-29,529498.47
CLIENT_0217,1966-10-22,59,Immediate,144898.64,3.92,15,1066.0,0.79,LTC,Aggressive,NY,Annual,2015-01-25,170948.76
CLIENT_0218,1973-07-28,52,Immediate,427736.87,5.11,5,8093.5,0.94,LTC,Aggressive,AZ,Monthly,2010-03-19,660932.62
CLIENT_0219,1956-11-08,69,Fixed,262432.74,4.24,10,2687.04,5.66,None,Conservative,NY,Monthly,2022-09-18,339923.68
CLIENT_0220,1956-01-17,70,Deferred Income,463975.65,5.24,10,4975.79,8.99,Death Benefit,Conservative,OH,Monthly,2014-08-25,679057.45
CLIENT_0221,1971-11-15,54,Deferred Income,414828.1,5.78,5,7977.42,2.99,GLWB,Aggressive,PA,Annual,2022-02-15,538667.8
CLIENT_0222,1971-12-12,54,Indexed,376378.96,5.66,5,7217.1,5.01,Death Benefit,Conservative,PA,Monthly,2011-09-15,488784.6
CLIENT_0223,1972-03-31,54,Indexed,316585.99,4.88,10,3339.35,0.3,LTC,Moderate,NY,Quarterly,2022-05-28,543759.43
CLIENT_0224,1964-09-07,61,Deferred Income,113225.48,4.84,15,885.97,0.86,GMIB,Conservative,TX,Monthly,2016-01-05,128615.66
CLIENT_0225,1970-12-18,55,Fixed,397347.88,3.12,15,2767.0,3.17,Death Benefit,Conservative,IL,Quarterly,2018-01-27,529978.33
CLIENT_0226,1957-04-17,69,Deferred Income,87940.83,3.25,15,617.93,5.57,LTC,Conservative,CA,Monthly,2017-12-09,110346.92
CLIENT_0227,1968-05-22,58,Immediate,309070.8,3.8,15,2255.31,0.12,LTC,Conservative,WA,Monthly,2022-10-30,397283.92
CLIENT_0228,1970-05-16,56,Variable,205847.71,3.06,10,1993.39,2.68,Death Benefit,Conservative,PA,Quarterly,2019-06-12,234313.85
CLIENT_0229,1972-07-21,53,Immediate,61537.65,3.51,7,827.34,7.21,None,Aggressive,NY,Quarterly,2012-05-26,67058.31
CLIENT_0230,1955-02-25,71,Indexed,475691.14,3.83,20,2840.16,3.8,LTC,Moderate,PA,Annual,2023-05-02,522503.56
CLIENT_0231,1962-03-11,64,Immediate,311525.35,5.28,15,2509.2,3.14,GMIB,Moderate,AZ,Annual,2015-06-09,394406.1
CLIENT_0232,1961-04-15,65,Variable,412834.89,4.07,5,7616.03,9.32,None,Aggressive,FL,Annual,2022-05-04,434742.05
CLIENT_0233,1971-04-24,55,Fixed,244270.56,5.33,15,1973.93,7.98,LTC,Aggressive,AZ,Monthly,2016-10-16,295435.11
CLIENT_0234,1969-10-09,56,Deferred Income,98218.04,4.19,15,735.89,0.74,LTC,Aggressive,PA,Annual,2021-05-13,155275.26
CLIENT_0235,1974-07-04,51,Deferred Income,353561.71,4.67,10,3693.3,7.02,None,Aggressive,TX,Monthly,2015-07-27,514841.86
CLIENT_0236,1962-12-18,63,Immediate,104010.78,4.95,20,683.56,9.84,GMIB,Moderate,TX,Monthly,2012-03-18,125250.48
CLIENT_0237,1966-06-15,60,Indexed,379755.19,4.73,20,2449.92,2.21,LTC,Moderate,CO,Annual,2021-03-23,429394.63
CLIENT_0238,1955-07-21,70,Variable,254316.27,3.68,5,4646.99,1.16,GMIB,Moderate,OH,Quarterly,2014-08-22,324367.2
CLIENT_0239,1962-10-24,63,Indexed,251177.2,4.25,15,1889.55,3.19,Death Benefit,Aggressive,TX,Monthly,2017-09-11,352286.89
CLIENT_0240,1970-03-10,56,Deferred Income,405023.81,6.22,7,5959.62,5.16,GLWB,Moderate,WA,Quarterly,2020-05-13,501791.94
CLIENT_0241,1964-02-01,62,Deferred Income,324136.15,3.25,15,2277.6,3.96,GLWB,Moderate,CO,Quarterly,2018-09-21,335194.94
CLIENT_0242,1959-10-26,66,Deferred Income,122747.63,5.51,5,2345.19,5.77,GLWB,Moderate,OH,Monthly,2020-04-06,138517.74
CLIENT_0243,1970-01-16,56,Deferred Income,434752.36,4.61,10,4528.79,5.97,LTC,Aggressive,TX,Quarterly,2017-11-23,691607.27
CLIENT_0244,1968-11-05,57,Deferred Income,106950.57,5.19,10,1144.34,9.19,Death Benefit,Aggressive,FL,Quarterly,2012-08-23,128476.92
CLIENT_0245,1957-08-16,68,Deferred Income,111946.15,5.27,20,755.59,3.88,GLWB,Aggressive,PA,Quarterly,2014-03-02,155138.2
CLIENT_0246,1967-01-20,59,Immediate,354380.64,5.08,7,5022.12,5.55,GMIB,Conservative,FL,Quarterly,2020-02-12,521935.96
CLIENT_0247,1974-05-31,52,Immediate,195543.61,2.54,7,2543.44,1.95,None,Aggressive,AZ,Quarterly,2021-01-11,224874.63
CLIENT_0248,1973-11-02,52,Variable,235829.58,3.17,20,1328.07,0.31,GMIB,Conservative,IL,Monthly,2022-01-22,268651.28
CLIENT_0249,1972-07-05,53,Fixed,242227.66,5.47,15,1975.35,5.5,None,Conservative,IL,Annual,2018-03-25,350960.7
CLIENT_0250,1971-12-22,54,Immediate,44765.0,5.38,20,304.91,2.19,Death Benefit,Aggressive,NY,Quarterly,2010-09-22,61134.0
CLIENT_0251,1962-10-26,63,Variable,434544.82,2.85,5,7779.27,7.76,GLWB,Aggressive,CO,Annual,2017-11-12,583219.85
CLIENT_0252,1968-09-08,57,Variable,325566.05,3.16,7,4325.32,7.85,Death Benefit,Aggressive,OH,Annual,2016-04-21,411963.01
CLIENT_0253,1958-10-11,67,Deferred Income,178735.47,5.32,10,1923.85,5.73,Death Benefit,Conservative,PA,Monthly,2016-03-21,308616.66
CLIENT_0254,1957-11-05,68,Variable,358177.6,3.03,7,4737.55,7.11,LTC,Moderate,FL,Annual,2016-01-11,453511.88
CLIENT_0255,1963-06-01,63,Indexed,239696.07,5.03,5,4526.66,4.03,GMIB,Moderate,AZ,Quarterly,2023-01-20,252089.11
CLIENT_0256,1972-05-12,54,Indexed,427404.48,2.87,15,2924.93,6.35,Death Benefit,Aggressive,PA,Monthly,2019-08-21,568365.27
CLIENT_0257,1966-02-04,60,Variable,152555.0,5.81,10,1679.15,5.47,None,Moderate,OH,Annual,2011-02-01,166091.83
CLIENT_0258,1969-01-16,57,Variable,397347.64,4.34,5,7378.89,9.29,LTC,Moderate,CA,Quarterly,2014-07-16,660247.4
CLIENT_0259,1975-05-25,51,Indexed,87658.72,5.1,7,1243.08,8.74,Death Benefit,Aggressive,OH,Quarterly,2011-11-07,112916.92
CLIENT_0260,1975-04-09,51,Variable,333232.82,2.71,10,3173.31,7.26,LTC,Aggressive,TX,Annual,2012-02-19,342372.81
CLIENT_0261,1965-09-11,60,Fixed,62020.89,4.87,20,404.87,6.8,Death Benefit,Aggressive,OH,Monthly,2019-06-22,93507.85
CLIENT_0262,1965-09-18,60,Indexed,58643.45,4.03,5,1080.8,1.03,GMIB,Conservative,PA,Monthly,2013-03-16,62847.85
CLIENT_0263,1967-08-20,58,Variable,29025.5,5.1,15,231.05,3.51,GLWB,Moderate,CO,Annual,2019-12-04,48835.45
CLIENT_0264,1956-12-11,69,Immediate,450881.65,3.06,5,8113.78,5.9,GMIB,Moderate,OH,Monthly,2015-07-23,509370.39
CLIENT_0265,1956-11-21,69,Fixed,142879.34,4.9,20,935.07,2.85,GMIB,Conservative,WA,Annual,2021-06-06,165522.25
CLIENT_0266,1963-10-15,62,Fixed,165382.47,2.72,7,2164.44,4.95,GLWB,Moderate,CO,Monthly,2021-11-06,220842.94
CLIENT_0267,1955-04-09,71,Deferred Income,493769.2,6.24,7,7270.2,3.87,LTC,Moderate,WA,Annual,2013-11-16,871702.94
CLIENT_0268,1972-04-11,54,Fixed,59671.12,4.85,5,1121.97,2.62,Death Benefit,Moderate,WA,Quarterly,2021-03-28,93302.52
CLIENT_0269,1964-07-01,61,Variable,358360.05,2.83,20,1957.1,5.38,GMIB,Conservative,IL,Monthly,2021-06-20,488894.85
CLIENT_0270,1973-02-14,53,Fixed,98804.14,3.81,20,588.89,6.34,GMIB,Aggressive,PA,Annual,2015-05-09,105040.83
CLIENT_0271,1956-12-07,69,Indexed,464198.18,2.96,20,2565.15,6.09,GLWB,Conservative,CA,Annual,2013-01-29,598588.89
CLIENT_0272,1958-09-04,67,Indexed,260796.14,3.89,20,1565.3,7.83,GLWB,Moderate,FL,Annual,2016-01-11,368550.77
CLIENT_0273,1957-08-25,68,Fixed,391429.39,2.62,15,2632.18,2.72,GMIB,Aggressive,CO,Annual,2011-09-24,462578.58
CLIENT_0274,1966-06-16,60,Variable,196058.85,4.5,20,1240.37,1.67,GMIB,Conservative,CO,Annual,2012-08-02,228839.74
CLIENT_0275,1966-05-31,60,Immediate,26220.04,5.93,5,506.05,2.45,GMIB,Moderate,FL,Monthly,2010-10-17,39428.07
CLIENT_0276,1975-07-02,50,Immediate,364159.88,5.12,7,5167.56,3.22,GMIB,Moderate,TX,Annual,2018-05-13,408751.36
CLIENT_0277,1970-02-06,56,Immediate,453421.98,3.22,20,2564.9,9.81,Death Benefit,Moderate,IL,Quarterly,2017-05-05,482331.25
CLIENT_0278,1965-03-30,61,Deferred Income,28785.36,3.3,20,164.0,7.85,GLWB,Moderate,OH,Annual,2021-01-24,42465.11
CLIENT_0279,1972-05-27,54,Immediate,117825.65,6.1,7,1726.92,1.51,Death Benefit,Conservative,WA,Quarterly,2010-03-20,232252.88
CLIENT_0280,1955-01-12,71,Deferred Income,385491.35,4.01,10,3904.74,1.04,GLWB,Moderate,AZ,Monthly,2013-03-12,545452.1
CLIENT_0281,1957-02-01,69,Indexed,45852.63,3.43,20,264.28,4.13,LTC,Aggressive,TX,Annual,2012-02-22,57205.94
CLIENT_0282,1969-04-17,57,Variable,414482.37,2.8,20,2257.43,0.62,GLWB,Moderate,IL,Quarterly,2018-10-25,527159.32
CLIENT_0283,1971-06-30,54,Variable,179969.5,4.31,7,2485.73,0.75,GLWB,Aggressive,TX,Monthly,2012-05-15,202609.8
CLIENT_0284,1965-06-14,61,Variable,174165.81,2.98,10,1680.15,9.65,LTC,Moderate,AZ,Quarterly,2012-09-09,184671.63
CLIENT_0285,1973-02-10,53,Indexed,350876.05,5.81,20,2475.48,0.4,GLWB,Conservative,NY,Quarterly,2018-11-21,510750.39
CLIENT_0286,1970-03-10,56,Immediate,166949.34,5.78,7,2421.32,0.31,LTC,Aggressive,WA,Monthly,2012-02-15,234973.45
CLIENT_0287,1973-01-11,53,Variable,402059.63,2.99,5,7222.7,8.3,GLWB,Conservative,PA,Quarterly,2011-11-20,500086.42
CLIENT_0288,1960-10-21,65,Immediate,460778.58,2.8,5,8238.7,1.98,GLWB,Conservative,OH,Monthly,2010-12-16,630659.7
CLIENT_0289,1956-02-19,70,Immediate,104794.87,4.8,15,817.83,4.96,LTC,Conservative,OH,Monthly,2014-03-14,126558.15
CLIENT_0290,1965-01-01,61,Indexed,444626.3,2.64,20,2386.53,6.17,LTC,Moderate,WA,Quarterly,2011-05-15,467984.68
CLIENT_0291,1963-08-04,62,Deferred Income,90187.11,3.3,20,513.83,2.49,Death Benefit,Moderate,OH,Quarterly,2022-03-19,123153.89
CLIENT_0292,1962-09-19,63,Fixed,458521.58,4.51,15,3510.0,2.7,GMIB,Aggressive,NY,Monthly,2016-04-20,493020.44
CLIENT_0293,1965-07-31,60,Fixed,276480.34,5.57,7,3982.23,9.74,GLWB,Aggressive,NY,Quarterly,2021-12-20,474873.94
CLIENT_0294,1975-07-29,50,Immediate,375103.57,5.56,7,5400.94,5.76,GMIB,Conservative,FL,Monthly,2023-04-16,478467.61
CLIENT_0295,1971-07-22,54,Indexed,356372.62,6.16,5,6916.23,7.03,None,Aggressive,FL,Annual,2014-03-23,655844.32
CLIENT_0296,1973-03-05,53,Fixed,443772.52,4.47,10,4592.77,1.76,Death Benefit,Conservative,NY,Annual,2014-11-28,468074.64
CLIENT_0297,1965-09-20,60,Indexed,25324.66,6.17,7,372.02,8.06,GLWB,Moderate,CA,Monthly,2013-04-25,39566.48
CLIENT_0298,1975-07-28,50,Fixed,92285.02,2.94,20,509.04,8.61,GMIB,Aggressive,PA,Annual,2012-04-07,105755.78
CLIENT_0299,1962-03-27,64,Immediate,89814.54,3.13,15,625.87,7.92,GMIB,Conservative,WA,Annual,2023-10-07,120949.63
CLIENT_0300,1960-01-03,66,Indexed,341127.54,5.76,15,2834.58,3.07,GLWB,Conservative,CA,Annual,2022-11-06,459203.99
CLIENT_0301,1972-04-15,54,Deferred Income,483462.37,2.63,20,2592.61,3.18,GLWB,Aggressive,CO,Monthly,2021-02-16,516510.63
CLIENT_0302,1971-09-19,54,Fixed,61958.15,3.89,10,624.06,1.68,GMIB,Moderate,CA,Quarterly,2014-09-14,71476.99
CLIENT_0303,1956-07-09,69,Immediate,191478.55,5.65,5,3670.73,0.48,LTC,Conservative,PA,Quarterly,2018-06-30,250155.74
CLIENT_0304,1963-06-02,63,Variable,73178.57,4.42,20,459.81,6.51,GLWB,Moderate,TX,Monthly,2016-08-12,77146.48
CLIENT_0305,1960-11-09,65,Variable,477039.51,2.8,7,6260.36,8.88,Death Benefit,Aggressive,TX,Quarterly,2023-04-29,661499.14
CLIENT_0306,1975-01-13,51,Immediate,254299.97,2.62,7,3316.77,6.07,GLWB,Conservative,TX,Quarterly,2014-08-11,344324.01
CLIENT_0307,1964-03-06,62,Indexed,356168.43,5.39,20,2427.96,2.65,GMIB,Conservative,TX,Monthly,2018-10-24,522216.93
CLIENT_0308,1973-11-02,52,Indexed,258200.43,2.72,5,4607.47,4.28,None,Moderate,NY,Monthly,2010-07-30,281932.02
CLIENT_0309,1969-04-25,57,Immediate,163610.45,2.83,5,2927.52,3.08,LTC,Moderate,IL,Monthly,2022-03-16,189493.92
CLIENT_0310,1963-04-28,63,Immediate,445609.03,3.98,15,3291.65,0.45,LTC,Moderate,NY,Quarterly,2022-08-28,475769.21
CLIENT_0311,1971-11-15,54,Immediate,355823.7,2.89,10,3417.82,8.08,None,Conservative,WA,Monthly,2018-09-07,473147.93
CLIENT_0312,1964-05-22,62,Variable,483673.16,5.25,15,3888.14,5.73,LTC,Moderate,TX,Quarterly,2010-10-12,675319.6
CLIENT_0313,1975-03-13,51,Immediate,270488.26,4.79,20,1753.87,1.47,GLWB,Conservative,NY,Monthly,2012-10-30,289739.1
CLIENT_0314,1956-10-03,69,Indexed,494432.97,4.24,7,6813.07,8.34,GMIB,Aggressive,TX,Monthly,2018-09-15,664526.77
CLIENT_0315,1967-05-20,59,Fixed,179910.23,3.6,15,1295.0,9.17,None,Aggressive,WA,Quarterly,2012-07-10,218997.26
CLIENT_0316,1958-04-29,68,Deferred Income,294132.12,4.83,5,5527.76,9.25,Death Benefit,Moderate,WA,Quarterly,2019-03-21,353629.89
CLIENT_0317,1969-09-08,56,Immediate,255652.78,4.94,5,4817.46,1.72,GLWB,Aggressive,CO,Annual,2019-01-04,273857.85
CLIENT_0318,1974-12-14,51,Indexed,442504.88,5.26,5,8403.43,7.46,GMIB,Conservative,OH,Quarterly,2016-12-22,545553.68
CLIENT_0319,1966-01-10,60,Immediate,432661.52,5.24,7,6164.11,1.34,GMIB,Moderate,PA,Annual,2012-01-02,506038.31
CLIENT_0320,1959-09-28,66,Indexed,458880.58,4.13,15,3424.26,7.59,Death Benefit,Aggressive,FL,Monthly,2016-12-23,655329.67
CLIENT_0321,1964-01-18,62,Variable,89433.66,5.91,20,636.1,0.29,GLWB,Conservative,NY,Monthly,2020-03-28,97792.76
CLIENT_0322,1963-01-31,63,Fixed,359701.12,3.6,15,2589.14,5.05,Death Benefit,Conservative,OH,Quarterly,2023-04-29,443275.76
CLIENT_0323,1974-07-10,51,Indexed,250426.59,4.71,10,2620.81,1.64,Death Benefit,Moderate,CA,Quarterly,2011-02-11,284765.26
CLIENT_0324,1967-11-01,58,Variable,395419.31,3.36,7,5289.2,6.47,GMIB,Aggressive,PA,Annual,2010-06-14,559649.34
CLIENT_0325,1972-03-19,54,Deferred Income,349044.87,4.4,7,4835.56,6.47,Death Benefit,Conservative,IL,Annual,2016-11-07,510735.9
CLIENT_0326,1970-11-29,55,Immediate,330301.65,4.2,15,2476.44,8.52,GMIB,Conservative,AZ,Quarterly,2021-09-05,499795.75
CLIENT_0327,1963-11-28,62,Deferred Income,302631.4,2.53,10,2857.03,5.61,None,Moderate,IL,Annual,2012-06-04,354213.82
CLIENT_0328,1962-07-17,63,Indexed,494471.46,5.06,10,5259.15,2.61,GLWB,Conservative,WA,Monthly,2011-04-11,804466.81
CLIENT_0329,1972-12-29,53,Fixed,409763.76,4.12,10,4172.07,6.81,LTC,Moderate,IL,Quarterly,2019-01-28,506939.96
CLIENT_0330,1955-10-17,70,Variable,301936.26,6.48,7,4480.66,3.43,None,Aggressive,AZ,Annual,2018-01-15,456406.3
CLIENT_0331,1973-12-17,52,Fixed,105743.67,5.13,20,705.48,1.81,LTC,Conservative,IL,Annual,2022-07-16,169166.12
CLIENT_0332,1959-02-08,67,Variable,474788.61,6.1,5,9201.09,2.22,GMIB,Moderate,OH,Quarterly,2015-11-05,737658.93
CLIENT_0333,1965-05-27,61,Deferred Income,429326.6,4.38,20,2688.4,5.8,Death Benefit,Moderate,NY,Annual,2012-09-08,674621.45
CLIENT_0334,1963-07-24,62,Variable,276673.29,4.15,7,3800.93,1.37,GMIB,Moderate,CO,Quarterly,2013-03-19,331959.14
CLIENT_0335,1971-01-19,55,Variable,110669.47,2.82,10,1059.46,6.31,GMIB,Aggressive,CA,Monthly,2020-02-21,123721.33
CLIENT_0336,1972-01-27,54,Fixed,392432.58,4.81,7,5511.64,4.9,GLWB,Aggressive,PA,Annual,2019-08-19,506642.18
CLIENT_0337,1965-09-15,60,Fixed,207075.3,2.65,7,2703.61,7.31,GMIB,Aggressive,NY,Monthly,2010-02-03,254560.4
CLIENT_0338,1960-07-31,65,Immediate,132476.21,6.01,10,1471.42,1.29,None,Aggressive,IL,Monthly,2011-06-19,238333.39
CLIENT_0339,1961-09-08,64,Indexed,475520.1,4.32,20,2962.37,5.96,LTC,Aggressive,FL,Quarterly,2020-12-29,586301.11
CLIENT_0340,1959-03-24,67,Variable,103319.67,6.13,15,879.14,0.19,GLWB,Conservative,CA,Annual,2021-04-26,122475.72
CLIENT_0341,1963-03-23,63,Indexed,362777.29,5.67,15,2997.02,8.77,None,Aggressive,CA,Annual,2011-01-28,572796.3
CLIENT_0342,1969-08-29,56,Immediate,422157.0,2.69,5,7527.59,4.17,Death Benefit,Aggressive,IL,Quarterly,2013-06-08,460321.11
CLIENT_0343,1970-05-19,56,Indexed,324397.89,3.7,5,5930.46,6.62,None,Aggressive,FL,Quarterly,2012-05-09,412715.39
CLIENT_0344,1968-11-08,57,Deferred Income,80923.92,2.96,5,1452.66,4.98,GLWB,Moderate,WA,Monthly,2018-01-11,104417.21
CLIENT_0345,1961-08-16,64,Immediate,101177.46,4.69,7,1415.34,6.88,GMIB,Conservative,CA,Monthly,2011-12-31,167323.48
CLIENT_0346,1973-09-25,52,Fixed,297722.56,4.48,5,5547.74,7.8,Death Benefit,Moderate,NY,Quarterly,2016-08-22,353299.8
CLIENT_0347,1956-02-15,70,Indexed,72409.23,3.2,5,1307.54,8.52,GMIB,Moderate,TX,Monthly,2011-01-11,74977.18
CLIENT_0348,1958-02-07,68,Deferred Income,340093.64,3.18,10,3312.3,8.95,GMIB,Aggressive,TX,Quarterly,2017-09-08,373716.52
CLIENT_0349,1963-12-28,62,Immediate,215118.86,4.33,15,1627.02,6.9,LTC,Aggressive,FL,Monthly,2012-12-21,310500.99
CLIENT_0350,1956-04-25,70,Deferred Income,491245.36,5.88,5,9469.76,4.16,LTC,Aggressive,AZ,Monthly,2023-09-17,660338.48
CLIENT_0351,1963-01-16,63,Immediate,315395.25,5.95,7,4599.91,4.83,Death Benefit,Moderate,AZ,Monthly,2011-06-03,394630.08
CLIENT_0352,1962-01-18,64,Deferred Income,30871.1,5.97,20,220.64,7.68,None,Conservative,OH,Annual,2021-09-25,50744.2
CLIENT_0353,1968-11-12,57,Immediate,70240.02,5.15,7,997.72,4.82,GLWB,Aggressive,CO,Monthly,2010-04-06,105377.18
CLIENT_0354,1958-07-09,67,Fixed,265144.6,4.38,15,2012.12,8.69,LTC,Moderate,NY,Quarterly,2016-03-28,283407.55
CLIENT_0355,1959-12-30,66,Immediate,286485.4,4.01,7,3917.23,0.79,None,Moderate,TX,Quarterly,2020-01-11,341619.13
CLIENT_0356,1966-02-26,60,Deferred Income,378988.51,2.57,15,2539.56,4.12,None,Conservative,TX,Annual,2023-11-20,464441.76
CLIENT_0357,1974-12-18,51,Indexed,266460.43,3.33,15,1882.71,9.5,Death Benefit,Conservative,AZ,Quarterly,2022-07-25,363038.51
CLIENT_0358,1968-06-15,58,Variable,249738.5,5.13,15,1991.87,1.14,Death Benefit,Moderate,OH,Annual,2016-07-19,354900.45
CLIENT_0359,1963-05-21,63,Immediate,358495.63,2.68,7,4685.38,4.92,Death Benefit,Moderate,CO,Monthly,2014-03-17,381263.55
CLIENT_0360,1974-02-11,52,Fixed,211625.83,4.33,7,2924.93,7.17,LTC,Conservative,CO,Monthly,2020-02-08,273274.75
CLIENT_0361,1968-03-20,58,Fixed,479190.4,3.04,15,3318.43,0.04,None,Moderate,CO,Quarterly,2021-05-27,638644.06
CLIENT_0362,1975-06-01,51,Deferred Income,109171.16,4.81,7,1533.29,1.04,None,Moderate,WA,Quarterly,2019-05-23,189819.11
CLIENT_0363,1975-07-18,50,Indexed,353944.88,3.49,15,2528.55,9.64,LTC,Conservative,FL,Quarterly,2023-07-07,477039.06
CLIENT_0364,1971-10-15,54,Deferred Income,268339.95,5.87,20,1902.4,8.61,GLWB,Conservative,NY,Annual,2016-07-08,437080.3
CLIENT_0365,1975-08-30,50,Indexed,344377.51,6.43,7,5102.15,5.04,Death Benefit,Moderate,WA,Quarterly,2023-01-27,541976.56
CLIENT_0366,1969-12-18,56,Immediate,362308.72,5.2,20,2431.29,2.86,Death Benefit,Aggressive,TX,Monthly,2018-07-18,413322.22
CLIENT_0367,1970-01-12,56,Indexed,51887.27,3.57,7,699.01,9.84,GLWB,Conservative,IL,Monthly,2022-02-20,54413.73
CLIENT_0368,1973-04-04,53,Deferred Income,239982.39,4.96,20,1578.48,8.65,LTC,Conservative,WA,Annual,2016-06-14,364294.83
CLIENT_0369,1956-01-20,70,Fixed,465080.29,4.05,10,4719.77,9.66,Death Benefit,Aggressive,IL,Monthly,2023-12-02,707226.7
CLIENT_0370,1974-04-19,52,Deferred Income,438306.09,5.82,10,4826.57,7.55,None,Conservative,NY,Quarterly,2020-01-25,517957.09
CLIENT_0371,1970-04-24,56,Fixed,60372.77,6.35,20,444.81,1.19,LTC,Moderate,WA,Quarterly,2012-12-01,71599.46
CLIENT_0372,1973-12-22,52,Indexed,146132.67,3.82,7,1985.37,0.4,None,Conservative,CO,Annual,2016-10-03,185729.86
CLIENT_0373,1967-11-05,58,Variable,286326.09,2.79,10,2737.12,5.25,None,Conservative,WA,Monthly,2019-05-01,346900.44
CLIENT_0374,1964-01-18,62,Indexed,68674.14,3.38,7,919.22,6.63,GMIB,Moderate,NY,Annual,2021-11-24,84457.44
CLIENT_0375,1967-08-04,58,Indexed,416251.99,6.42,5,8128.86,1.15,LTC,Conservative,CO,Annual,2015-06-21,853920.06
CLIENT_0376,1970-04-23,56,Deferred Income,445688.58,4.03,5,8214.07,3.86,GMIB,Conservative,WA,Quarterly,2021-07-15,657230.05
CLIENT_0377,1964-12-29,61,Fixed,256232.24,3.69,7,3465.94,3.2,Death Benefit,Conservative,WA,Annual,2010-03-02,341111.44
CLIENT_0378,1959-09-23,66,Variable,343409.18,5.59,15,2822.37,8.36,None,Aggressive,PA,Annual,2011-08-14,566910.87
CLIENT_0379,1958-06-13,68,Fixed,36282.65,5.37,5,690.87,0.88,GLWB,Moderate,WA,Monthly,2022-11-24,61337.74
CLIENT_0380,1975-06-07,51,Fixed,147857.78,4.05,15,1097.39,4.33,LTC,Aggressive,TX,Annual,2010-02-18,203582.47
CLIENT_0381,1968-11-13,57,Fixed,55037.86,5.48,5,1050.78,7.01,GMIB,Aggressive,TX,Quarterly,2016-10-04,82875.83
CLIENT_0382,1961-04-25,65,Fixed,388505.26,4.25,15,2922.64,8.22,LTC,Conservative,WA,Monthly,2013-01-22,570105.26
CLIENT_0383,1972-11-14,53,Indexed,403805.19,4.68,7,5646.83,2.98,Death Benefit,Aggressive,WA,Monthly,2012-10-06,431681.14
CLIENT_0384,1967-11-05,58,Indexed,308411.07,4.65,5,5770.77,3.05,GLWB,Moderate,WA,Monthly,2013-08-11,353850.5
CLIENT_0385,1968-11-01,57,Deferred Income,421505.47,3.28,7,5622.83,6.71,Death Benefit,Aggressive,AZ,Annual,2022-04-30,446783.13
CLIENT_0386,1970-01-24,56,Indexed,56997.31,2.89,20,312.98,4.87,GMIB,Conservative,NY,Monthly,2016-05-24,71210.92
CLIENT_0387,1975-03-10,51,Indexed,116911.82,4.44,10,1208.28,6.16,None,Conservative,CO,Annual,2018-03-05,179618.74
CLIENT_0388,1964-08-09,61,Immediate,105103.77,3.75,7,1424.58,7.12,GMIB,Moderate,FL,Annual,2017-06-09,155596.36
CLIENT_0389,1965-05-19,61,Variable,236545.04,5.6,15,1945.35,5.52,None,Conservative,IL,Monthly,2022-01-30,281002.13
CLIENT_0390,1971-06-15,55,Deferred Income,446009.52,2.81,5,7976.6,8.92,Death Benefit,Aggressive,CO,Quarterly,2023-03-27,489267.82
CLIENT_0391,1955-10-28,70,Variable,287007.15,4.67,20,1842.19,4.72,GMIB,Moderate,NY,Annual,2016-07-11,321297.25
CLIENT_0392,1966-03-29,60,Variable,267445.7,4.09,20,1633.38,0.11,None,Aggressive,FL,Annual,2013-02-23,338918.63
CLIENT_0393,1959-01-07,67,Immediate,294019.7,4.76,7,4122.57,7.36,GMIB,Conservative,NY,Quarterly,2015-03-14,318080.14
CLIENT_0394,1963-04-15,63,Indexed,136158.87,5.17,20,911.42,9.08,LTC,Moderate,AZ,Monthly,2010-11-23,246646.09
CLIENT_0395,1962-04-08,64,Indexed,74031.88,6.37,10,835.73,8.35,None,Aggressive,CO,Monthly,2018-06-13,122766.3
CLIENT_0396,1963-03-12,63,Immediate,304147.44,6.09,5,5892.76,5.17,GLWB,Aggressive,PA,Quarterly,2017-09-27,442850.91
CLIENT_0397,1965-10-24,60,Variable,446406.67,2.53,7,5804.42,4.4,Death Benefit,Aggressive,IL,Monthly,2013-05-15,481826.62
CLIENT_0398,1963-02-15,63,Indexed,310959.63,5.77,7,4508.46,4.15,Death Benefit,Moderate,AZ,Quarterly,2014-09-23,473577.56
CLIENT_0399,1969-07-08,56,Deferred Income,420848.37,2.59,5,7485.66,1.28,GLWB,Conservative,WA,Monthly,2022-11-02,449957.02
CLIENT_0400,1958-09-24,67,Deferred Income,147673.33,3.22,15,1035.5,5.99,Death Benefit,Aggressive,IL,Monthly,2014-11-10,178269.23
CLIENT_0401,1965-07-28,60,Deferred Income,436968.64,3.18,15,3055.6,6.01,GLWB,Aggressive,WA,Quarterly,2013-10-05,578560.1
CLIENT_0402,1962-09-08,63,Immediate,463117.17,4.89,5,8716.27,2.3,GLWB,Conservative,CA,Monthly,2021-09-22,762915.24
CLIENT_0403,1966-04-24,60,Immediate,350074.72,5.81,20,2469.82,0.96,None,Aggressive,CA,Annual,2021-04-16,591120.22
CLIENT_0404,1957-02-02,69,Fixed,254064.44,3.02,20,1411.58,5.39,LTC,Aggressive,PA,Quarterly,2010-12-22,328871.54
CLIENT_0405,1964-08-15,61,Deferred Income,134005.97,5.71,15,1109.93,3.51,Death Benefit,Moderate,FL,Quarterly,2020-09-13,226154.28
CLIENT_0406,1975-05-31,51,Variable,433050.29,3.63,20,2540.54,4.09,Death Benefit,Aggressive,CA,Annual,2021-09-20,469996.7
CLIENT_0407,1955-02-28,71,Fixed,203139.19,3.32,10,1991.68,4.09,GLWB,Moderate,CO,Quarterly,2015-11-11,285350.59
CLIENT_0408,1964-07-01,61,Immediate,293218.36,4.95,15,2311.12,7.55,None,Aggressive,AZ,Monthly,2018-04-21,414205.92
CLIENT_0409,1965-11-06,60,Immediate,145544.38,3.73,10,1454.96,7.74,GLWB,Aggressive,TX,Annual,2015-02-26,180730.22
CLIENT_0410,1970-09-07,55,Indexed,475891.46,2.9,20,2615.52,4.01,None,Aggressive,CA,Monthly,2018-09-23,663214.17
CLIENT_0411,1955-02-13,71,Immediate,407075.45,5.79,15,3389.12,9.26,Death Benefit,Conservative,IL,Monthly,2018-04-26,452523.85
CLIENT_0412,1955-11-06,70,Deferred Income,369134.99,6.22,15,3159.02,6.14,GMIB,Aggressive,CO,Monthly,2013-12-06,599746.63
CLIENT_0413,1964-11-05,61,Fixed,30087.44,5.9,20,213.82,2.86,None,Aggressive,WA,Annual,2015-03-13,46962.84
CLIENT_0414,1970-02-12,56,Fixed,42129.04,3.46,5,765.65,9.76,GMIB,Moderate,OH,Annual,2018-11-12,50726.94
CLIENT_0415,1959-06-29,67,Deferred Income,270927.78,5.45,5,5168.79,9.19,GMIB,Aggressive,WA,Annual,2017-10-22,349936.61
CLIENT_0416,1973-04-16,53,Immediate,156341.23,4.93,7,2204.57,4.55,None,Conservative,IL,Monthly,2019-02-18,214464.55
CLIENT_0417,1967-07-13,58,Indexed,59383.34,3.68,5,1085.08,8.03,None,Aggressive,IL,Annual,2019-12-07,90394.94
CLIENT_0418,1967-08-19,58,Immediate,254724.2,3.47,10,2515.28,9.61,LTC,Aggressive,CA,Quarterly,2012-08-10,290334.53
CLIENT_0419,1963-08-01,62,Immediate,325989.35,6.48,7,4837.6,8.0,GMIB,Aggressive,WA,Monthly,2015-11-28,412036.74
CLIENT_0420,1957-01-31,69,Variable,214492.05,5.5,10,2327.8,0.76,LTC,Moderate,OH,Monthly,2022-11-13,265147.22
CLIENT_0421,1971-09-26,54,Variable,349475.97,6.14,15,2975.58,7.37,GLWB,Moderate,NY,Monthly,2014-07-20,641178.33
CLIENT_0422,1973-10-04,52,Fixed,318833.53,3.12,5,5746.04,1.2,LTC,Aggressive,CA,Annual,2010-12-13,437896.08
CLIENT_0423,1963-04-29,63,Immediate,319817.05,4.47,20,2018.15,8.69,GLWB,Aggressive,IL,Quarterly,2014-12-25,479302.01
CLIENT_0424,1957-11-16,68,Fixed,50720.38,5.7,15,419.83,9.4,None,Moderate,PA,Annual,2013-12-02,70849.1
CLIENT_0425,1957-09-13,68,Variable,356666.17,4.34,5,6623.42,0.12,LTC,Aggressive,TX,Quarterly,2018-02-10,495543.38
CLIENT_0426,1960-10-28,65,Deferred Income,113897.41,3.55,10,1128.95,4.71,GMIB,Moderate,FL,Quarterly,2019-07-05,127864.34
CLIENT_0427,1970-09-19,55,Variable,382292.99,3.96,15,2820.12,2.8,None,Conservative,CO,Annual,2015-02-16,562753.97
CLIENT_0428,1971-03-02,55,Variable,153225.83,3.44,15,1090.88,8.56,GLWB,Aggressive,FL,Quarterly,2010-03-21,169260.48
CLIENT_0429,1966-03-16,60,Indexed,88874.05,6.07,20,640.32,5.34,LTC,Moderate,IL,Annual,2022-09-26,97229.62
CLIENT_0430,1957-03-21,69,Fixed,353008.01,2.74,10,3366.47,4.77,LTC,Aggressive,OH,Quarterly,2018-02-05,403694.07
CLIENT_0431,1967-07-03,58,Indexed,467626.17,3.53,5,8513.22,4.12,None,Conservative,CO,Annual,2022-01-28,517477.0
CLIENT_0432,1972-07-02,53,Immediate,160189.15,3.8,20,953.92,4.87,Death Benefit,Moderate,CO,Quarterly,2020-05-27,215468.19
CLIENT_0433,1958-04-01,68,Deferred Income,437422.38,5.06,10,4652.38,4.22,None,Moderate,TX,Monthly,2013-08-20,553820.71
CLIENT_0434,1962-01-12,64,Immediate,175517.16,3.67,10,1749.63,6.05,GMIB,Moderate,OH,Annual,2023-03-02,223701.82
CLIENT_0435,1965-02-05,61,Variable,221644.8,3.24,5,4006.35,1.25,GMIB,Aggressive,TX,Monthly,2013-09-29,263018.73
CLIENT_0436,1957-02-21,69,Immediate,55301.39,6.01,20,396.52,0.54,None,Conservative,TX,Quarterly,2023-11-12,64770.27
CLIENT_0437,1969-09-08,56,Indexed,467505.05,4.06,7,6403.16,2.47,LTC,Aggressive,FL,Monthly,2021-10-25,702248.53
CLIENT_0438,1955-08-23,70,Immediate,41698.62,3.93,10,420.79,8.64,None,Moderate,WA,Quarterly,2013-01-11,65373.84
CLIENT_0439,1970-08-24,55,Deferred Income,281161.6,4.86,15,2202.96,6.31,LTC,Aggressive,WA,Quarterly,2017-10-15,379105.72
CLIENT_0440,1960-02-04,66,Variable,407236.19,4.27,10,4175.53,4.12,GMIB,Conservative,CA,Annual,2013-01-21,497390.88
CLIENT_0441,1965-07-10,60,Immediate,279171.97,5.25,15,2244.2,9.47,GMIB,Conservative,PA,Quarterly,2023-05-23,334667.03
CLIENT_0442,1955-03-01,71,Variable,285400.79,3.25,20,1618.78,4.37,GLWB,Aggressive,PA,Quarterly,2014-12-13,323240.79
CLIENT_0443,1964-06-20,62,Indexed,322028.43,4.57,20,2049.5,8.08,GMIB,Aggressive,WA,Quarterly,2019-04-06,369347.66
CLIENT_0444,1956-07-14,69,Indexed,111643.41,3.66,15,806.92,6.18,None,Moderate,NY,Quarterly,2010-06-08,122905.66
CLIENT_0445,1966-12-31,59,Immediate,35512.17,6.39,10,401.25,2.69,Death Benefit,Conservative,TX,Monthly,2010-05-01,52885.01
CLIENT_0446,1962-09-01,63,Immediate,224615.44,5.64,15,1852.03,9.98,Death Benefit,Moderate,TX,Monthly,2011-04-05,278690.31
CLIENT_0447,1963-10-20,62,Indexed,58907.73,4.38,7,815.54,8.96,LTC,Conservative,TX,Annual,2015-08-02,73721.21
CLIENT_0448,1964-12-07,61,Fixed,142402.04,6.48,7,2113.21,4.61,None,Aggressive,NY,Quarterly,2018-09-23,242762.63
CLIENT_0449,1961-12-31,64,Deferred Income,469702.24,3.13,5,8467.1,7.45,None,Conservative,IL,Quarterly,2016-09-13,518163.43
CLIENT_0450,1974-11-27,51,Immediate,49741.57,5.17,5,942.56,2.36,GMIB,Conservative,FL,Quarterly,2023-02-11,55901.6
CLIENT_0451,1972-09-12,53,Immediate,140467.43,6.38,20,1037.39,7.83,None,Conservative,OH,Monthly,2015-07-31,166352.44
CLIENT_0452,1957-01-18,69,Variable,350823.71,3.85,5,6437.23,0.6,None,Conservative,FL,Quarterly,2015-03-22,415583.12
CLIENT_0453,1967-07-11,58,Fixed,399566.87,5.53,15,3271.16,7.33,LTC,Moderate,FL,Quarterly,2010-11-20,562022.53
CLIENT_0454,1964-10-24,61,Variable,290536.78,4.67,15,2247.91,1.9,None,Moderate,OH,Annual,2020-07-04,349185.59
CLIENT_0455,1973-08-24,52,Variable,309372.97,5.94,7,4510.6,0.69,LTC,Moderate,IL,Annual,2018-03-27,437233.66
CLIENT_0456,1972-05-27,54,Deferred Income,328062.38,4.02,7,4487.24,8.83,GMIB,Aggressive,NY,Quarterly,2011-06-03,453962.03
CLIENT_0457,1967-02-02,59,Variable,414048.62,3.26,15,2911.4,7.66,None,Moderate,OH,Quarterly,2017-03-23,444541.65
CLIENT_0458,1966-09-26,59,Fixed,337973.24,2.68,7,4417.17,1.79,GLWB,Conservative,AZ,Monthly,2012-03-19,350258.03
CLIENT_0459,1969-05-24,57,Deferred Income,422242.28,5.13,20,2817.02,6.24,GMIB,Conservative,OH,Monthly,2023-08-04,658944.11
CLIENT_0460,1955-04-18,71,Fixed,466850.24,3.33,15,3298.59,9.28,LTC,Aggressive,CA,Quarterly,2022-07-08,630596.18
CLIENT_0461,1974-12-21,51,Indexed,222577.77,3.98,5,4097.1,8.24,None,Conservative,TX,Quarterly,2011-10-01,347177.02
CLIENT_0462,1966-08-26,59,Variable,71131.64,5.4,20,485.3,3.85,None,Aggressive,NY,Annual,2014-01-05,103563.21
CLIENT_0463,1967-07-09,58,Immediate,222212.69,2.92,20,1223.51,3.58,LTC,Conservative,FL,Monthly,2022-05-03,259705.87
CLIENT_0464,1962-07-27,63,Indexed,337327.64,4.64,20,2159.68,4.43,GMIB,Aggressive,OH,Quarterly,2019-04-01,516808.13
CLIENT_0465,1964-08-28,61,Variable,417423.61,3.79,7,5665.42,5.63,LTC,Aggressive,IL,Quarterly,2020-02-24,520304.99
CLIENT_0466,1963-11-27,62,Deferred Income,25092.92,2.64,10,238.15,5.96,GLWB,Moderate,CA,Quarterly,2014-12-23,27391.11
CLIENT_0467,1962-01-23,64,Deferred Income,35308.15,5.79,10,388.28,9.19,None,Aggressive,CO,Monthly,2012-02-12,38235.48
CLIENT_0468,1962-12-23,63,Indexed,99150.88,3.56,20,578.1,2.5,GMIB,Conservative,CO,Quarterly,2022-10-06,146176.68
CLIENT_0469,1971-06-21,55,Deferred Income,61670.74,3.8,15,450.01,1.73,Death Benefit,Aggressive,IL,Monthly,2022-12-04,74861.22
CLIENT_0470,1972-06-30,53,Immediate,51563.29,5.58,10,561.64,8.8,LTC,Conservative,NY,Annual,2023-07-06,94801.08
CLIENT_0471,1969-03-20,57,Indexed,394273.84,4.03,10,3997.45,5.24,None,Aggressive,FL,Quarterly,2021-04-08,555464.89
CLIENT_0472,1958-06-08,68,Deferred Income,48996.91,5.43,15,398.53,9.71,None,Aggressive,TX,Monthly,2019-09-09,61141.19
CLIENT_0473,1963-11-05,62,Fixed,95305.89,3.84,15,697.35,5.71,None,Moderate,IL,Monthly,2018-12-09,121847.98
CLIENT_0474,1972-05-10,54,Immediate,356488.5,5.55,15,2922.28,5.59,LTC,Aggressive,CO,Monthly,2022-08-03,542570.23
CLIENT_0475,1971-07-02,54,Indexed,274017.7,3.47,10,2705.8,7.77,None,Conservative,TX,Annual,2019-04-12,332363.09
CLIENT_0476,1962-10-24,63,Variable,115482.63,3.88,5,2120.54,7.7,GMIB,Aggressive,AZ,Annual,2013-04-09,144260.51
CLIENT_0477,1975-09-24,50,Fixed,413631.66,3.3,10,4051.59,1.56,Death Benefit,Aggressive,CA,Monthly,2023-12-06,594912.57
CLIENT_0478,1974-06-26,51,Fixed,420411.26,3.65,10,4186.88,6.94,GMIB,Moderate,AZ,Monthly,2017-06-11,473193.88
CLIENT_0479,1967-01-25,59,Deferred Income,125640.77,4.69,10,1313.66,5.49,GLWB,Aggressive,CA,Quarterly,2023-01-28,207692.03
CLIENT_0480,1966-10-25,59,Deferred Income,45653.95,3.18,10,444.64,2.01,GMIB,Conservative,AZ,Annual,2010-03-10,48198.51
CLIENT_0481,1969-10-23,56,Fixed,153872.43,5.91,10,1701.35,8.64,GMIB,Aggressive,PA,Monthly,2018-07-16,224695.19
CLIENT_0482,1970-12-01,55,Variable,72311.76,3.76,20,429.1,5.32,GLWB,Aggressive,AZ,Annual,2010-06-26,76251.51
CLIENT_0483,1975-09-08,50,Fixed,276472.3,3.83,15,2021.56,7.44,GMIB,Aggressive,OH,Quarterly,2016-10-12,316508.5
CLIENT_0484,1966-03-30,60,Fixed,156042.18,2.75,10,1488.81,8.79,None,Moderate,NY,Monthly,2017-08-31,209554.93
CLIENT_0485,1969-09-25,56,Deferred Income,90198.82,5.42,20,616.4,9.61,GLWB,Moderate,NY,Annual,2013-06-05,121803.1
CLIENT_0486,1962-01-03,64,Variable,457124.31,3.82,20,2726.92,1.32,None,Aggressive,NY,Monthly,2016-12-06,630413.39
CLIENT_0487,1975-02-26,51,Deferred Income,273807.6,3.04,7,3622.84,6.56,GLWB,Moderate,TX,Annual,2021-12-15,385622.54
CLIENT_0488,1957-08-27,68,Indexed,112464.23,5.86,7,1635.4,7.27,LTC,Moderate,IL,Quarterly,2016-02-21,130944.22
CLIENT_0489,1959-03-20,67,Deferred Income,75716.43,3.24,20,429.08,6.17,None,Aggressive,NY,Annual,2015-03-18,84764.21
CLIENT_0490,1955-08-02,70,Deferred Income,195649.13,5.25,15,1572.78,1.34,LTC,Aggressive,OH,Monthly,2018-09-10,271537.95
CLIENT_0491,1958-01-31,68,Fixed,102798.53,3.41,15,730.35,7.65,GMIB,Moderate,NY,Annual,2014-07-20,140584.07
CLIENT_0492,1956-06-25,70,Immediate,109112.15,6.32,15,939.72,8.67,GMIB,Moderate,NY,Quarterly,2019-01-30,195765.57
CLIENT_0493,1968-08-20,57,Deferred Income,374282.6,4.02,10,3792.99,3.94,None,Aggressive,WA,Annual,2010-11-12,487918.27
CLIENT_0494,1965-02-16,61,Immediate,242027.7,6.01,7,3536.84,5.19,Death Benefit,Aggressive,PA,Annual,2011-02-08,289831.15
CLIENT_0495,1964-11-09,61,Immediate,214068.95,3.72,10,2138.97,4.61,GMIB,Aggressive,CA,Annual,2021-08-06,319224.61
CLIENT_0496,1965-05-25,61,Deferred Income,419199.41,4.31,20,2609.26,1.13,None,Conservative,PA,Quarterly,2017-04-03,539061.87
CLIENT_0497,1959-01-05,67,Fixed,240498.35,6.09,7,3523.72,8.83,GMIB,Moderate,FL,Annual,2012-10-09,270732.68
CLIENT_0498,1970-11-03,55,Deferred Income,238464.25,3.95,20,1438.77,7.07,None,Conservative,PA,Annual,2018-07-15,252565.16
CLIENT_0499,1958-10-31,67,Variable,458320.07,4.76,7,6426.29,1.62,GLWB,Aggressive,CA,Quarterly,2016-11-28,562501.88
CLIENT_0500,1972-03-28,54,Variable,481458.9,3.66,7,6505.88,1.18,GLWB,Conservative,CO,Quarterly,2010-04-11,598315.19
